Rank,ID,Movie Title,Studio,Total Gross,Theaters,Opening,Opening Theaters,Open,Close
170,1,1991,EOne,"$2,342,264 ",83,"$328,828 ",83,27-Jul,
348,2,'85: The Greatest Team in Football History,Fathom,"$115,463 ",199,,,29-Jan,29-Jan
191,3,102 Not Out,Sony,"$1,343,797 ",102,"$483,681 ",102,4-May,7-Jun
648,4,10x10,VE,"$2,263 ",10,,10,13-Apr,
609,5,12 Days,Distrib.,"$5,204 ",2,$923 ,1,16-Mar,14-Jul
55,6,12 Strong,Warner Brothers,"$45,500,164 ","3,018","$15,815,025 ","3,002",19-Jan,29-Mar
194,7,2001: A Space Odyssey (2018 re-release),Warner Brothers,"$1,283,820 ",13,"$202,759 ",4,18-May,15-Jul
471,8,24 Frames,Jan.,"$34,482 ",2,"$8,101 ",1,2-Feb,22-Mar
530,9,306 Hollywood,El Tigre,"$18,399 ",4,"$8,150 ",1,28-Sep,
418,10,3100: Run and Become,Illumine,"$65,524 ",7,,,17-Aug,
157,11,7 Days in Entebbe,Focus,"$3,326,885 ",838,"$1,592,645 ",838,16-Mar,12-Apr
398,12,93Queen,Abr.,"$76,056 ",3,"$6,302 ",1,25-Jul,11-Oct
354,13,A Boy. A Girl. A Dream.,Gold.,"$112,552 ",61,"$67,760 ",61,14-Sep,23-Sep
535,14,A Bread Factory,ITF,"$17,325 ",2,"$5,847 ",2,26-Oct,
480,15,A Ciambra,IFC,"$30,988 ",6,"$6,330 ",1,19-Jan,15-Feb
338,16,A Cool Fish,CL,"$141,872 ",17,"$71,187 ",15,16-Nov,
175,17,A Fantastic Woman,SPC,"$2,020,988 ",190,"$64,241 ",5,2-Feb,20-May
443,18,A Kid Like Jake,IFC,"$44,824 ",13,"$8,936 ",1,1-Jun,8-Jul
518,19,A Paris Education,KL,"$20,069 ",2,"$3,467 ",1,30-Aug,
195,20,A Private War,Aviron,"$1,267,868 ",865,"$60,491 ",4,2-Nov,
11,21,A Quiet Place,Paramount,"$188,024,361 ","3,808","$50,203,562 ","3,508",6-Apr,2-Aug
43,22,A Simple Favor,Lionsgate Films,"$53,542,417 ","3,102","$16,011,689 ","3,102",14-Sep,
10,23,A Star is Born (2018),Warner Brothers,"$189,145,173 ","3,904","$42,908,051 ","3,686",5-Oct,
602,24,A Whale of a Tale,FLM,"$6,747 ",1,,,17-Aug,
24,25,A Wrinkle in Time,Buena Vista,"$100,478,608 ","3,980","$33,123,609 ","3,980",9-Mar,5-Jul
125,26,A.X.L.,Global Road,"$6,501,381 ","1,710","$2,798,229 ","1,710",24-Aug,18-Oct
644,27,ACORN and the Firestorm,FRun,"$2,621 ",1,"$2,621 ",1,6-Apr,
137,28,Action Point,Paramount,"$5,059,608 ","2,032","$2,390,164 ","2,032",1-Jun,14-Jun
522,29,Active Measures,Super,"$19,862 ",2,"$9,509 ",2,31-Aug,9-Sep
75,30,Adrift,STX,"$31,445,012 ","3,015","$11,603,039 ","3,015",1-Jun,2-Aug
403,31,After Auschwitz,Passion Rive,"$73,885 ",13,,,14-Apr,31-May
306,32,Agent Mr. Chan,CL,"$208,351 ",10,"$62,234 ",10,23-Feb,1-Apr
370,33,All About Nina,Orch.,"$100,335 ",54,"$26,468 ",4,28-Sep,
201,34,Along with the Gods: The Last 49 Days,WGUSA,"$1,200,246 ",48,"$311,743 ",48,1-Aug,20-Sep
68,35,Alpha,Studio 8,"$35,851,379 ","2,881","$10,352,512 ","2,719",17-Aug,
659,36,Altered Perception,Cdgm.,"$1,259 ",10,,,4-May,
325,37,Always at the Carlyle,Good Deed,"$174,251 ",23,"$9,239 ",1,11-May,15-Jul
162,38,American Animals,Orch.,"$2,856,954 ",339,"$134,793 ",4,1-Jun,30-Aug
555,39,American Chaos,SPC,"$12,368 ",26,"$7,616 ",26,14-Sep,20-Sep
627,40,American Dresser,Cdgm.,"$3,895 ",11,"$2,211 ",11,21-Sep,4-Oct
553,41,American Socialist: The Life & Times of Eugene Victor Debs,FRun,"$12,609 ",3,"$2,823 ",1,2-Mar,10-May
654,42,An Actor Prepares,Grav.,"$1,743 ",25,$933 ,25,31-Aug,6-Sep
603,43,An Evening with Beverly Luff Linn,TFA,"$6,701 ",16,"$5,212 ",16,19-Oct,
198,44,An Interview with God,Fathom,"$1,251,044 ",919,,,20-Aug,
614,45,An L.A. Minute,Strand,"$5,004 ",3,"$2,791 ",3,24-Aug,30-Aug
203,46,Andhadhun,Eros,"$1,193,046 ",62,"$278,677 ",56,5-Oct,
369,47,Andrei Rublev (re-release),Jan.,"$100,598 ",4,"$12,807 ",2,24-Aug,
282,48,Andy Irons: Kissed by God,Fathom,"$292,868 ",466,,,25-May,
73,49,Annihilation,Paramount,"$32,732,301 ","2,112","$11,071,584 ","2,012",23-Feb,19-Apr
7,50,Ant-Man and the Wasp,Buena Vista,"$216,648,740 ","4,206","$75,812,205 ","4,206",6-Jul,1-Nov
448,51,Antonio Lopez 1970: Sex Fashion & Disco,FM,"$43,169 ",5,"$7,167 ",1,14-Sep,
526,52,Anything,Pala.,"$19,037 ",27,"$4,110 ",3,11-May,7-Jun
519,53,Apocalypsis,Indic.,"$20,052 ",2,"$3,945 ",1,2-Mar,21-Jun
456,54,Araby,Ghop,"$38,399 ",7,"$8,668 ",1,22-Jun,
606,55,Are We Not Cats,Cleopatra,"$5,518 ",2,"$3,983 ",2,23-Feb,1-Mar
626,56,Armed,GVN,"$3,948 ",10,"$2,227 ",10,14-Sep,20-Sep
177,57,Assassination Nation,Neon,"$2,005,142 ","1,403","$1,050,021 ","1,403",21-Sep,21-Oct
290,58,At Eternity's Gate,CBS,"$261,493 ",30,"$92,856 ",4,16-Nov,
638,59,At First Light,EOne,"$3,292 ",5,$274 ,5,28-Sep,
270,60,Attack on Titan Season 3,FUN,"$377,334 ",173,,,10-Jul,
512,61,Ava,Ghop,"$20,940 ",3,"$2,996 ",1,27-Apr,
2,62,Avengers: Infinity War,Buena Vista,"$678,815,482 ","4,474","$257,698,183 ","4,474",27-Apr,13-Sep
192,63,Baaghi 2,FIP,"$1,319,579 ",123,"$650,722 ",123,30-Mar,19-Apr
293,64,Back to Burgundy,MBox,"$257,610 ",18,"$15,157 ",5,23-Mar,21-Jun
335,65,Bad Reputation,Magn.,"$148,568 ",196,"$130,675 ",196,28-Sep,18-Oct
156,66,Bad Samaritan,Electric,"$3,435,047 ","2,007","$1,726,868 ","2,007",4-May,24-May
93,67,Bad Times At The El Royale,Fox,"$17,784,774 ","2,808","$7,132,647 ","2,808",12-Oct,
261,68,Bag of Marbles,Gaum.,"$411,318 ",16,"$14,420 ",4,23-Mar,26-Jul
216,69,Bandstand: The Broadway Musical,Fathom,"$855,333 ",625,,,25-Jun,28-Jun
377,70,Bandstand: The Broadway Musical (2018),Fathom,"$91,000 ",361,,,15-Nov,
322,71,Batman: Mask of the Phantasm (25th Anniversary),Fathom,"$178,133 ",761,,,12-Nov,
295,72,Batti Gul Meter Chalu,Eros,"$249,539 ",64,"$153,847 ",64,21-Sep,
220,73,Beast,RAtt.,"$800,365 ",93,"$53,248 ",4,11-May,5-Jul
124,74,Beautiful Boy (2018),Amazon,"$6,669,149 ",776,"$218,888 ",4,12-Oct,
200,75,Beautifully Broken,AAE,"$1,208,925 ",651,"$589,155 ",651,24-Aug,
656,76,Beauty and the Beholder,R1,"$1,368 ",1,"$1,352 ",1,26-Oct,
586,77,Beauty and the Dogs,Osci.,"$8,915 ",4,"$3,055 ",2,23-Mar,17-Jun
434,78,Before We Vanish,Super,"$52,087 ",42,"$8,370 ",2,2-Feb,15-Mar
138,79,Beirut,BST,"$5,019,226 ",755,"$1,734,497 ",755,11-Apr,14-Jun
392,80,Bel Canto,Scre.,"$80,134 ",30,"$12,421 ",2,14-Sep,18-Oct
273,81,Believer,WGUSA,"$365,639 ",32,"$146,630 ",32,8-Jun,8-Jul
491,82,Belle de jour (2018 re-release),Jan.,"$26,331 ",3,"$6,462 ",1,23-Mar,19-Apr
419,83,Beuys,KL,"$65,410 ",6,"$9,084 ",2,17-Jan,31-May
165,84,Bharat Ane Nenu,GrtIndia,"$2,663,090 ",305,"$2,663,090 ",305,20-Apr,
430,85,Bhavesh Joshi Superhero,Eros,"$57,376 ",46,"$42,579 ",46,1-Jun,
385,86,Big Brother,WGUSA,"$85,624 ",25,"$41,225 ",25,31-Aug,20-Sep
440,87,Bigger,Free,"$46,382 ",61,"$31,477 ",61,12-Oct,25-Oct
252,88,Bilal: A New Breed of Hero,VE,"$490,973 ",300,"$309,951 ",300,2-Feb,1-Mar
658,89,Billionaire Boy's Club,VE,"$1,349 ",,,,17-Aug,
355,90,Bisbee '17,4th Row,"$112,490 ",14,"$6,650 ",1,5-Sep,
437,91,Black '47,IFC,"$50,026 ",100,"$8,600 ",1,28-Sep,
1,92,Black Panther,Buena Vista,"$700,059,566 ","4,084","$202,003,951 ","4,020",16-Feb,9-Aug
50,93,BlacKkKlansman,Focus,"$48,271,960 ","1,914","$10,845,330 ","1,512",10-Aug,11-Oct
232,94,Blaze (2018),IFC,"$696,793 ",88,"$44,050 ",3,17-Aug,
143,95,Blindspotting,Lionsgate Summit,"$4,333,394 ",523,"$338,999 ",14,20-Jul,13-Sep
38,96,Blockers,Universal,"$60,147,900 ","3,418","$20,556,350 ","3,379",6-Apr,2-Aug
587,97,Blood Feast,Hann.,"$8,708 ",3,"$4,046 ",1,6-Apr,3-May
537,98,Bob Le Flambeur (2017 re-release),Rialto,"$15,586 ",2,"$4,623 ",1,5-Jan,29-Mar
351,99,Bodied,Neon,"$113,956 ",17,"$53,000 ",14,2-Nov,
16,100,Bohemian Rhapsody,Fox,"$143,379,253 ","4,000","$51,061,119 ","4,000",2-Nov,
327,101,Bolshoi Ballet: La Sylphide (2018),Fathom,"$171,177 ",355,"$168,718 ",355,11-Nov,
425,102,Bomb City,Grav.,"$59,329 ",17,"$31,005 ",17,9-Feb,8-Apr
34,103,Book Club,Paramount,"$68,566,296 ","3,169","$13,582,231 ","2,781",18-May,9-Aug
330,104,Boom for Real: The Late Teenage Years of Jean-Michel Basquiat,Magn.,"$166,616 ",14,"$22,717 ",2,11-May,26-Jul
269,105,Border,Neon,"$380,960 ",36,"$73,700 ",7,26-Oct,
299,106,Borg vs. McEnroe,Neon,"$231,346 ",51,"$52,625 ",51,13-Apr,17-May
231,107,Boundaries,SPC,"$703,438 ",224,"$29,552 ",5,22-Jun,6-Sep
147,108,Boy Erased,Focus,"$3,796,637 ",672,"$207,057 ",5,2-Nov,
53,109,Breaking In (2018),Universal,"$46,535,850 ","2,537","$17,630,285 ","2,537",11-May,2-Aug
463,110,Breath,FR,"$37,108 ",21,"$5,258 ",1,1-Jun,5-Jul
567,111,Bullitt County,Mr. Pictures,"$11,257 ",9,"$6,511 ",9,26-Oct,
150,112,Burn the Stage: The Movie,Trafalgar,"$3,636,203 ",635,"$2,412,498 ",629,15-Nov,
277,113,Burning,WGUSA,"$331,387 ",27,"$26,130 ",2,26-Oct,
285,114,But Deliver Us from Evil,Indic.,"$285,169 ",247,"$99,541 ",247,9-Feb,17-May
321,115,Buybust,WGUSA,"$178,471 ",25,"$77,955 ",25,10-Aug,6-Sep
406,116,Bye Bye Germany,FM,"$72,365 ",6,"$4,874 ",2,13-Apr,
650,117,Cage Fighter,IFC,"$2,027 ",2,"$1,204 ",2,2-Feb,8-Feb
601,118,Calling All Earthlings,Carpe Stella,"$6,756 ",1,,,29-Jun,
135,119,Can You Ever Forgive Me?,FoxS,"$5,648,746 ",555,"$161,510 ",5,19-Oct,
229,120,Canelo vs. GGG 2,Fathom,"$707,875 ",533,"$707,875 ",533,15-Sep,
372,121,Champion (2018),WGUSA,"$97,472 ",29,"$17,095 ",2,11-May,7-Jun
97,122,Chappaquiddick,ENTMP,"$17,395,520 ","1,645","$5,765,854 ","1,560",6-Apr,1-Aug
485,123,Charm City,PBS,"$28,971 ",3,"$10,511 ",1,12-Oct,
543,124,Chasing the Blues,Ammo,"$14,030 ",9,"$9,949 ",9,5-Oct,14-Oct
457,125,Chef Flynn,KL,"$38,385 ",3,"$7,509 ",1,9-Nov,
534,126,Chronicle of Anna Magdalena Bach,Ghop,"$17,527 ",2,"$3,453 ",2,2-Mar,5-Jul
260,127,Cirque du Soleil: KURIOS - Cabinet Of Curiosities,Fathom,"$413,039 ",522,,,13-Nov,
389,128,Claire's Camera,CGld,"$83,418 ",5,"$11,489 ",1,9-Mar,22-Jul
571,129,Class Rank,Cdgm.,"$10,452 ",14,,,11-May,
629,130,Cocote,Ghop,"$3,815 ",2,"$1,436 ",1,3-Aug,
482,131,Cold Water (2018 re-release),Jan.,"$30,209 ",1,"$5,110 ",1,27-Apr,21-Jun
136,132,Colette,BST,"$5,102,142 ",593,"$161,179 ",4,21-Sep,
258,133,Condorito: La Pelicula,Lionsgate Films,"$447,719 ",153,"$248,456 ",153,12-Jan,1-Feb
12,134,Crazy Rich Asians,Warner Brothers,"$173,765,895 ","3,865","$26,510,140 ","3,384",15-Aug,
70,135,Creed II,MGM,"$34,642,000 ","3,441",,"3,441",21-Nov,
539,136,Crime + Punishment,IFC,"$15,426 ",3,"$8,787 ",3,24-Aug,5-Sep
607,137,Cuban Food Stories,FRun,"$5,434 ",1,"$3,032 ",1,10-Aug,
387,138,Custody,KL,"$83,882 ",7,"$4,947 ",1,29-Jun,25-Oct
427,139,Cynthia,Indic.,"$58,177 ",21,"$30,660 ",21,31-Aug,18-Oct
281,140,Damsel,Magn.,"$305,136 ",42,"$20,291 ",3,22-Jun,23-Aug
303,141,Dark Money,PBS,"$217,932 ",20,"$8,100 ",1,13-Jul,
592,142,Dark River,FR,"$7,714 ",2,"$4,246 ",2,29-Jun,5-Jul
5,143,Deadpool 2,Fox,"$318,491,426 ","4,349","$125,507,153 ","4,349",18-May,18-Oct
500,144,Death House,Hann.,"$23,833 ",7,"$10,140 ",1,2-Mar,17-May
131,145,Death of a Nation,QF,"$5,885,881 ","1,005","$2,356,522 ","1,005",3-Aug,
71,146,Death Wish (2018),MGM,"$34,017,028 ","2,882","$13,010,267 ","2,847",2-Mar,31-May
56,147,Den of Thieves,STX,"$44,947,622 ","2,432","$15,206,108 ","2,432",19-Jan,22-Mar
528,148,Desolation,PDF,"$18,490 ",3,"$11,320 ",2,26-Jan,11-Mar
179,149,Detective Chinatown 2,Warner Brothers,"$1,983,984 ",115,"$704,047 ",115,16-Feb,5-Apr
289,150,Detective Dee: The Four Heavenly Kings,WGUSA,"$262,963 ",31,"$126,929 ",31,27-Jul,16-Aug
364,151,Detective K: Secret of the Living Dead,WGUSA,"$104,013 ",9,"$30,288 ",9,16-Feb,15-Mar
513,152,Did You Wonder Who Fired the Gun?,Ghop,"$20,765 ",3,"$5,725 ",3,28-Feb,
28,153,Disney's Christopher Robin,Buena Vista,"$99,197,554 ","3,602","$24,585,139 ","3,602",3-Aug,
152,154,Disobedience,BST,"$3,498,782 ",247,"$237,393 ",5,27-Apr,2-Aug
608,155,"Distant Voices, Still Lives (2018 reissue)",Arrow,"$5,234 ",1,"$2,395 ",1,31-Aug,9-Sep
432,156,Django,UTMW,"$56,556 ",7,"$11,722 ",4,5-Jan,22-Feb
122,157,Dog Days (2018),LD,"$6,809,080 ","2,442","$2,554,766 ","2,442",8-Aug,27-Sep
188,158,Don't Worry He Won't Get Far on Foot,Amazon,"$1,441,705 ",266,"$83,339 ",4,13-Jul,13-Sep
329,159,Double Lover,Cohen,"$167,581 ",51,"$62,995 ",50,14-Feb,19-Apr
14,160,Dr. Seuss' The Grinch (2018),Universal,"$161,831,250 ","4,141","$67,572,855 ","4,141",9-Nov,
236,161,Dragon Ball Z: Broly,Fathom,"$658,982 ",681,"$357,322 ",681,15-Sep,
244,162,Dragon Ball Z: Saiyan Double Feature,Fathom,"$540,707 ",691,"$288,095 ",691,3-Nov,
600,163,Duckbutter,Orch.,"$6,877 ",2,"$2,797 ",2,27-Apr,17-May
116,164,Early Man,Lionsgate Films,"$8,267,544 ","2,494","$3,190,525 ","2,494",16-Feb,29-Mar
342,165,Eating Animals,IFC,"$128,503 ",25,"$34,524 ",2,15-Jun,24-Jul
615,166,Edward II (2018 re-release),FM,"$4,826 ",1,"$1,701 ",1,4-May,17-May
520,167,Eight Hours Don't Make a Day (2018 re-release),Jan.,"$19,987 ",1,"$5,880 ",1,16-Mar,1-Apr
102,168,Eighth Grade,A24,"$13,539,709 ","1,084","$263,797 ",4,13-Jul,4-Oct
417,169,El Angel,Orch.,"$65,779 ",11,"$23,348 ",2,9-Nov,
582,170,El Mar La Mar,CGld,"$9,065 ",2,"$3,375 ",1,23-Feb,
645,171,El Pacto,Sony,"$2,488 ",10,"$1,453 ",10,26-Oct,
253,172,Elvis: '68 Comeback Special (2018 release),Fathom,"$479,404 ",668,$522 ,1,17-Aug,
394,173,En el Septimo Dia (On the Seventh Day),CGld,"$79,887 ",9,"$12,793 ",2,8-Jun,11-Oct
129,174,Every Day (2018),Orion,"$6,102,076 ","1,669","$3,016,149 ","1,667",23-Feb,22-Mar
126,175,Fahrenheit 11/9,Briarcliff,"$6,352,306 ","1,719","$3,008,563 ","1,719",21-Sep,
27,176,Fantastic Beasts: The Crimes of Grindelwald,Warner Brothers,"$99,287,238 ","4,163","$62,163,104 ","4,163",16-Nov,
333,177,Far from the Tree,IFC,"$156,785 ",22,"$19,885 ",2,20-Jul,20-Sep
420,178,Feng Shui (Myung Dang),CJ,"$64,147 ",14,"$9,644 ",2,21-Sep,
25,179,Fifty Shades Freed,Universal,"$100,407,760 ","3,768","$38,560,195 ","3,768",9-Feb,5-Apr
371,180,Filmworker,KL,"$99,593 ",17,"$7,984 ",1,11-May,
255,181,Final Portrait,SPC,"$461,972 ",100,"$25,472 ",3,23-Mar,21-Jun
652,182,Finding Happiness,Gathr,"$1,841 ",1,$617 ,1,6-Apr,
189,183,Finding Your Feet,RAtt.,"$1,418,682 ",277,"$60,132 ",14,30-Mar,7-Jun
247,184,Fireworks (2018),GK,"$525,280 ",510,"$138,014 ",10,3-Jul,19-Jul
57,185,First Man,Universal,"$44,452,830 ","3,640","$16,006,065 ","3,640",12-Oct,
154,186,First Reformed,A24,"$3,448,256 ",334,"$97,562 ",4,18-May,2-Aug
449,187,First We Take Brooklyn,ZP,"$42,812 ",5,"$15,845 ",5,9-Feb,25-Feb
345,188,Five Seasons: The Gardens of Piet Oudolf,Argo.,"$119,223 ",9,"$7,525 ",3,13-Jun,16-Sep
279,189,Flower,Orch.,"$328,188 ",101,"$48,919 ",3,16-Mar,27-May
636,190,Followers,Cdgm.,"$3,350 ",10,,,23-Mar,29-Mar
98,191,Forever My Girl,RAtt.,"$16,376,066 ","1,427","$4,245,630 ","1,114",19-Jan,10-May
632,192,FourPlay,PDF,"$3,550 ",2,"$3,550 ",2,30-Mar,
239,193,Foxtrot,SPC,"$618,883 ",45,"$31,629 ",4,2-Mar,21-Jun
531,194,Freak Show,IFC,"$18,216 ",9,"$4,809 ",1,12-Jan,8-Feb
113,195,Free Solo,NGE,"$9,063,510 ",392,"$294,288 ",4,28-Sep,
575,196,Furious (Legend of Kolovrat),CARUSEL,"$9,996 ",15,"$6,964 ",15,20-Apr,3-May
529,197,Gabriel and the Mountain,Strand,"$18,415 ",2,"$4,963 ",2,15-Jun,6-Sep
639,198,Game Changers,Ammo,"$3,142 ",1,"$3,142 ",1,29-Jun,
33,199,Game Night,New Line,"$69,001,013 ","3,502","$17,005,332 ","3,488",23-Feb,21-Jun
663,200,Gangsterdam,Distrib.,$954 ,1,,,19-Sep,27-Sep
510,201,Ganja & Hess (2018 re-release),KL,"$21,197 ",8,"$3,406 ",1,30-May,
446,202,Garry Winogrand: All Things Are Photographable,Greenwich,"$44,002 ",3,"$9,058 ",1,19-Sep,
310,203,Gauguin: Voyage to Tahiti,Cohen,"$200,140 ",14,"$35,994 ",6,11-Jul,19-Aug
309,204,Gemini,Neon,"$200,340 ",56,"$32,980 ",4,30-Mar,22-Apr
297,205,Generation Wealth,Magn.,"$237,709 ",45,"$35,834 ",4,20-Jul,20-Sep
304,206,Getting Grace,Hann.,"$217,812 ",60,"$103,831 ",60,23-Mar,28-May
339,207,Ghost Stories,IFC,"$135,095 ",24,"$11,972 ",1,20-Apr,24-May
462,208,Girls vs Gangsters,WGUSA,"$37,115 ",4,"$15,044 ",4,9-Mar,22-Mar
163,209,God Bless the Broken Road,Free,"$2,846,257 ","1,272","$1,386,254 ","1,272",7-Sep,8-Nov
133,210,God's Not Dead: A Light in Darkness,PFR,"$5,728,940 ","1,693","$2,689,677 ","1,693",30-Mar,14-Jun
390,211,Godard Mon Amour,Cohen,"$82,264 ",20,"$10,994 ",4,20-Apr,28-May
315,212,Goldbuster,WGUSA,"$186,135 ",24,"$79,180 ",24,5-Jan,1-Feb
450,213,Golden Exits,VE,"$41,888 ",11,"$11,719 ",1,9-Feb,4-Mar
284,214,Golden Job,WGUSA,"$285,795 ",34,"$121,391 ",34,28-Sep,
374,215,Golden Slumber,CJ,"$94,450 ",13,,,16-Feb,15-Mar
381,216,Goldstone,Lightyear,"$87,639 ",19,"$1,300 ",1,2-Mar,
349,217,Gonjiam: Haunted Asylum,WGUSA,"$115,252 ",7,"$19,017 ",2,13-Apr,17-May
481,218,Good Manners,Distrib.,"$30,925 ",4,"$2,476 ",1,27-Jul,
476,219,Goodland,PDF,"$32,140 ",3,"$17,621 ",2,11-May,
54,220,Goosebumps 2: Haunted Halloween,Sony,"$46,371,838 ","3,723","$15,802,225 ","3,521",12-Oct,
149,221,Gosnell: The Trial of America's Biggest Serial Killer,GVN,"$3,652,442 ",673,"$1,162,988 ",673,12-Oct,
142,222,Gotti,VE,"$4,343,227 ",503,"$1,719,902 ",503,15-Jun,23-Jul
272,223,Grace Jones: Bloodlight and Bami,KL,"$375,208 ",36,"$56,171 ",3,13-Apr,23-Aug
458,224,Gray Matter,Indic.,"$38,034 ",12,"$14,064 ",12,18-May,14-Jun
141,225,Green Book,Universal,"$4,409,401 ","1,063","$320,429 ",25,16-Nov,
139,226,Gringo,STX,"$4,969,853 ","2,404","$2,722,420 ","2,404",9-Mar,5-Apr
536,227,Haikara-San: Here Comes Miss Modern,Elev.,"$16,572 ",101,"$6,748 ",51,8-Jun,19-Jul
438,228,Hal,Osci.,"$48,698 ",10,"$5,150 ",1,7-Sep,
478,229,"Hale County This Morning, This Evening",CGld,"$31,404 ",4,"$8,640 ",2,14-Sep,
662,230,Half Brothers,PDF,"$1,100 ",3,"$1,100 ",3,21-Sep,
509,231,Half the Picture,Grav.,"$21,589 ",1,"$6,581 ",1,8-Jun,24-Jun
15,232,Halloween (2018),Universal,"$158,994,295 ","3,990","$76,221,545 ","3,928",19-Oct,
562,233,Hannah (2018),PDF,"$11,700 ",2,"$11,700 ",2,9-Mar,
365,234,Happy Phirr Bhag Jayegi ,Eros,"$103,385 ",71,"$72,376 ",44,24-Aug,
395,235,Have a Nice Day,Strand,"$79,393 ",15,"$10,463 ",1,26-Jan,19-Apr
169,236,Hearts Beat Loud,G&S,"$2,386,251 ",170,"$74,524 ",4,8-Jun,30-Aug
577,237,Heavy Trip,MBox,"$9,792 ",19,"$5,419 ",16,5-Oct,
407,238,Helicopter Eela,Eros,"$71,971 ",70,"$51,115 ",70,12-Oct,
107,239,Hell Fest,Lionsgate Films,"$11,107,431 ","2,297","$5,130,963 ","2,297",28-Sep,8-Nov
547,240,Here and Now,AMBI,"$13,337 ",51,"$8,090 ",51,9-Nov,
58,241,Hereditary,A24,"$44,069,456 ","2,998","$13,575,172 ","2,964",8-Jun,30-Aug
278,242,Hichki,Yash,"$330,279 ",73,"$330,279 ",73,23-Mar,25-Mar
666,243,Higher Power,Magn.,$528 ,3,$299 ,3,11-May,17-May
447,244,Hitler's Hollywood,KL,"$43,766 ",6,"$8,634 ",1,11-Apr,30-Aug
472,245,Holy Hell (2018),Indic.,"$34,366 ",7,"$21,504 ",4,20-Jul,23-Aug
508,246,Horn From the Heart,Abr.,"$21,720 ",2,"$3,086 ",1,17-Oct,
640,247,Hot to Trot (2018),FRun,"$3,133 ",1,"$3,133 ",1,24-Aug,
123,248,Hotel Artemis,Global Road,"$6,708,147 ","2,407","$3,232,790 ","2,407",8-Jun,19-Jul
13,249,Hotel Transylvania 3: Summer Vacation,Sony,"$167,485,460 ","4,267","$44,076,225 ","4,267",13-Jul,
225,250,How Long Will I Love U,WGUSA,"$746,933 ",32,"$204,733 ",23,25-May,28-Jun
386,251,How to Talk to Girls at Parties,A24,"$84,809 ",103,"$12,674 ",2,25-May,14-Jun
551,252,How Victor 'The Garlic' Took Alexey 'The Stud' to the Nursing Home,CARUSEL,"$12,954 ",8,"$2,634 ",8,23-Mar,8-Apr
453,253,Humor Me,Shout!,"$40,099 ",5,"$3,342 ",1,12-Jan,8-Mar
99,254,Hunter Killer,Lionsgate Summit,"$15,688,044 ","2,728","$6,653,777 ","2,728",26-Oct,
352,255,HYMN - Sarah Brightman In Concert,Fathom,"$113,274 ",466,,,8-Nov,
605,256,I Am MLK Jr.,Gathr,"$5,918 ",2,,,3-May,
436,257,I Am Not a Witch,FM,"$50,057 ",8,"$8,252 ",2,7-Sep,
29,258,I Can Only Imagine,RAtt.,"$83,482,352 ","2,894","$17,108,914 ","1,629",16-Mar,12-Jul
49,259,I Feel Pretty,STX,"$48,795,601 ","3,440","$16,030,218 ","3,440",20-Apr,21-Jun
657,260,I Still See You,Lionsgate Films,"$1,359 ",10,$815 ,10,12-Oct,
360,261,In Between,FM,"$107,977 ",8,"$5,888 ",2,5-Jan,10-May
597,262,In Echo Park,Indic.,"$7,072 ",2,"$4,222 ",2,12-Oct,
428,263,In Search of Greatness,Art of Sport,"$58,090 ",16,"$32,952 ",16,2-Nov,
622,264,In Searching,Indic.,"$4,536 ",2,"$3,090 ",2,9-Nov,
496,265,In the Intense Now,Icar.,"$24,955 ",1,"$5,565 ",1,31-Jan,14-Jun
599,266,In the Land of Pomegranates,FRun,"$7,014 ",1,"$3,072 ",1,5-Jan,18-Jan
3,267,Incredibles 2,Buena Vista,"$608,472,207 ","4,410","$182,687,905 ","4,410",15-Jun,
153,268,Indivisible,PFR,"$3,472,472 ",830,"$1,503,101 ",830,26-Oct,
37,269,Insidious: The Last Key,Universal,"$67,560,690 ","3,150","$29,581,355 ","3,116",5-Jan,29-Mar
81,270,Instant Family,Paramount,"$27,886,508 ","3,286","$14,504,315 ","3,286",16-Nov,
610,271,Intersection (2018),Indic.,"$5,116 ",2,"$1,940 ",2,15-Jun,9-Aug
74,272,Isle Of Dogs,FoxS,"$32,015,231 ","1,947","$1,620,294 ",27,23-Mar,30-Aug
366,273,Ismael's Ghosts,Magn.,"$102,510 ",17,"$19,158 ",2,23-Mar,24-May
240,274,Itzhak,Greenwich,"$607,290 ",35,"$14,350 ",2,9-Mar,2-Aug
517,275,Izzy Gets the Fuck Across Town,Shout!,"$20,208 ",15,"$10,559 ",15,22-Jun,28-Jun
318,276,Jane and Emma,Excel,"$184,795 ",29,"$84,512 ",21,12-Oct,
305,277,Jason Mraz: Have It All The Movie,Atlantic Rec,"$210,985 ",600,,,8-Aug,
495,278,Jet Trash,Indic.,"$26,002 ",6,"$4,914 ",2,27-Apr,18-Oct
379,279,John McEnroe: In the Realm of Perfection,Osci.,"$90,964 ",22,"$7,878 ",1,22-Aug,18-Oct
144,280,Johnny English Strikes Again,Universal,"$4,280,890 ",552,"$1,638,895 ",544,26-Oct,
331,281,Journey's End,Good Deed,"$161,796 ",185,"$11,798 ",2,16-Mar,
155,282,"Juliet, Naked",RAtt.,"$3,444,895 ",467,"$60,886 ",4,17-Aug,25-Oct
4,283,Jurassic World: Fallen Kingdom,Universal,"$416,769,345 ","4,485","$148,024,610 ","4,475",22-Jun,4-Oct
620,284,Kangaroo,Abr.,"$4,547 ",2,"$2,282 ",2,19-Jan,25-Jan
319,285,Karwaan,Pack Your Ba,"$182,009 ",58,"$98,460 ",58,3-Aug,19-Aug
307,286,Keep the Change,KL,"$202,788 ",13,"$12,445 ",1,16-Mar,14-Jun
401,287,Keys to the Heart,CJ,"$75,134 ",2,"$9,851 ",2,26-Jan,8-Mar
621,288,Kickboxer Retaliation,WGUSA,"$4,537 ",10,"$3,061 ",10,26-Jan,1-Feb
134,289,Kin,Lionsgate Films,"$5,718,096 ","2,141","$3,035,618 ","2,141",31-Aug,27-Sep
533,290,King of Hearts (2018 re-release),Cohen,"$17,646 ",4,"$3,443 ",1,23-Feb,12-Apr
286,291,Kings (2018),Orch.,"$274,635 ",215,"$163,289 ",215,27-Apr,17-May
218,292,Kirk Cameron: Connect,Fathom,"$836,020 ",765,,,27-Feb,1-Mar
461,293,Krystal,Pala.,"$37,516 ",86,,,13-Apr,26-Apr
473,294,Kuleana,Gathr,"$33,953 ",6,,,13-Apr,
275,295,Kusama: Infinity,Magn.,"$350,226 ",22,"$30,998 ",2,7-Sep,
164,296,La Boda de Valentina,PNT,"$2,783,739 ",331,"$1,147,073 ",331,9-Feb,15-Mar
631,297,La Familia,FM,"$3,696 ",2,"$2,030 ",1,3-Aug,4-Oct
206,298,Labyrinth (2018 Fathom Event),Fathom,"$1,028,445 ",646,"$558,857 ",646,29-Apr,3-May
326,299,Last Letter,CL,"$171,890 ",23,"$80,485 ",18,9-Nov,
466,300,Le Corbeau (2018 re-issue),Rialto,"$36,089 ",1,"$6,452 ",1,20-Apr,9-Sep
205,301,Lean on Pete,A24,"$1,163,056 ",187,"$46,975 ",4,6-Apr,14-Jun
267,302,Leaning Into The Wind,Magn.,"$400,530 ",39,"$24,840 ",5,9-Mar,21-Jun
130,303,Leave No Trace,BST,"$6,046,104 ",361,"$219,140 ",9,29-Jun,4-Oct
593,304,Legend of the Mountain (2017 re-release),KL,"$7,640 ",2,,,2-Feb,5-Apr
560,305,Les Parents Terribles (2018 re-release),Cohen,"$11,818 ",1,"$5,332 ",1,25-May,10-Jun
376,306,Let the Corpses Tan,KL,"$92,886 ",13,"$11,918 ",3,31-Aug,
215,307,Let the Sunshine In,IFC,"$866,714 ",67,"$39,699 ",2,27-Apr,26-Jul
556,308,Let Yourself Go,Men.,"$12,189 ",8,"$8,128 ",8,2-Mar,8-Mar
501,309,Letter From Masanjia,Ammo,"$23,481 ",2,"$8,295 ",2,14-Sep,
546,310,Life & Nothing More,CFI,"$13,576 ",6,"$6,536 ",6,24-Oct,
146,311,Life Itself (2018),Amazon,"$4,102,648 ","2,609","$2,123,463 ","2,609",21-Sep,
44,312,Life of the Party ,New Line,"$52,856,061 ","3,656","$17,886,075 ","3,656",11-May,2-Aug
217,313,Like Arrows,Fathom,"$843,885 ",784,,,1-May,3-May
550,314,Like Me,KL,"$12,965 ",4,"$5,064 ",3,26-Jan,15-Feb
211,315,Little Italy,EOne,"$990,230 ",133,"$283,399 ",133,24-Aug,
302,316,Little Pink House,Da.,"$220,948 ",13,"$68,507 ",9,20-Apr,
190,317,Little Women (2018),Pinnacle,"$1,379,357 ",643,"$705,063 ",643,28-Sep,
540,318,Liyana,Abr.,"$15,020 ",3,"$2,160 ",1,10-Oct,
237,319,Lizzie,RAtt.,"$642,157 ",240,"$47,580 ",4,14-Sep,25-Oct
384,320,Lobster Cop,CL,"$85,693 ",12,"$35,015 ",12,22-Jun,19-Jul
294,321,London Fields,GVN,"$252,676 ",613,"$168,575 ",613,26-Oct,
552,322,"Lou Andreas-Salomé, the Audacity to be Free",CLS,"$12,875 ",2,"$5,060 ",1,20-Apr,17-May
353,323,Love After Love,IFC,"$113,074 ",29,"$11,290 ",1,30-Mar,17-May
361,324,"Love, Cecil",Zeit.,"$106,057 ",8,,,29-Jun,25-Oct
238,325,"Love, Gilda",Magn.,"$626,318 ",112,"$189,639 ",82,21-Sep,
63,326,"Love, Simon",Fox,"$40,826,341 ","2,434","$11,756,244 ","2,402",16-Mar,14-Jun
242,327,Loveless (2018),SPC,"$566,356 ",59,"$30,222 ",3,16-Feb,10-May
506,328,Loving Pablo,Universal,"$22,017 ",15,"$16,564 ",15,5-Oct,11-Oct
357,329,Lu Over the Wall,GK,"$109,857 ",97,"$60,773 ",97,11-May,28-Jun
334,330,Luis & the Aliens,VPD,"$154,170 ",20,,,17-Aug,
378,331,Madame,Blue Fox,"$90,979 ",,,,23-Mar,
317,332,Madeline's Madeline,Osci.,"$185,576 ",33,"$18,009 ",1,10-Aug,11-Oct
572,333,Mama Africa Miriam Makeba,Artma,"$10,430 ",1,"$3,495 ",1,19-Jan,15-Feb
455,334,Mamma Mia! 10th Anniversary,Fathom,"$39,601 ",243,"$23,376 ",243,4-Nov,
20,335,Mamma Mia! Here We Go Again,Universal,"$120,634,935 ","3,514","$34,952,180 ","3,317",20-Jul,11-Oct
199,336,Mandy,RLJ,"$1,214,525 ",250,"$225,723 ",75,13-Sep,
241,337,Manmarziyaan,Eros,"$567,417 ",99,"$292,439 ",99,14-Sep,
358,338,Mantra: Sounds into Silence,Gathr,"$109,296 ",9,,,20-Apr,
332,339,Maquia: When the Promised Flower Blooms,Elev.,"$160,988 ",221,"$70,336 ",157,20-Jul,
248,340,Maria by Callas,SPC,"$523,398 ",55,"$91,915 ",16,2-Nov,
532,341,Marlina the Murderer in Four Acts,Icar.,"$17,788 ",3,"$3,296 ",1,22-Jun,
655,342,Marrowbone,Magn.,"$1,377 ",7,$624 ,7,13-Apr,3-May
167,343,Mary and the Witch's Flower,GK,"$2,418,404 ",573,"$348,475 ",161,18-Jan,5-Apr
373,344,Mary Shelley,IFC,"$97,321 ",30,"$12,570 ",2,25-May,8-Jul
301,345,Matangi/Maya/M.I.A.,Abr.,"$221,083 ",9,"$43,573 ",2,28-Sep,
40,346,Maze Runner: The Death Cure,Fox,"$58,032,443 ","3,793","$24,167,011 ","3,787",26-Jan,3-May
196,347,McQueen,BST,"$1,257,275 ",95,"$98,873 ",4,20-Jul,4-Oct
368,348,Memoir of War,MBox,"$101,628 ",11,"$11,653 ",2,17-Aug,
484,349,Memories of Underdevelopment (2017 re-release),Jan.,"$29,647 ",1,"$8,244 ",1,12-Jan,15-Feb
193,350,Met Opera: Cendrillon,Fathom,"$1,300,000 ",900,"$1,300,000 ",900,28-Apr,28-Apr
340,351,Met Opera: Il Trovatore (2018),Fathom,"$130,579 ",341,,,27-Jun,
204,352,Met Opera: L'Elisir d'Amore (2018),Fathom,"$1,170,000 ",900,"$1,170,000 ",900,10-Feb,
180,353,Met Opera: La Bohème (2018),Fathom,"$1,875,000 ",900,"$1,875,000 ",900,24-Feb,
202,354,Met Opera: Semiramide,Fathom,"$1,200,000 ",900,"$1,200,000 ",900,10-Mar,
178,355,Met Opera: Tosca,Fathom,"$2,000,000 ",900,"$2,000,000 ",900,27-Jan,
300,356,MFKZ,GK,"$229,423 ",436,"$6,094 ",436,11-Oct,
121,357,Mid90s,A24,"$7,209,808 ","1,206","$258,157 ",4,19-Oct,
110,358,Midnight Sun,Global Road,"$9,561,064 ","2,173","$4,003,993 ","2,173",23-Mar,
67,359,Mile 22,STX,"$36,108,758 ","3,520","$13,710,825 ","3,520",17-Aug,4-Oct
492,360,Milford Graves Full Mantis,CGld,"$26,186 ",4,"$7,407 ",1,13-Jul,
465,361,Mind Game (2017 re-release),GK,"$36,613 ",7,"$5,609 ",7,16-Feb,5-Apr
559,362,Minding the Gap,Magn.,"$11,998 ",5,"$6,812 ",4,17-Aug,23-Aug
6,363,Mission: Impossible - Fallout,Paramount,"$220,159,104 ","4,395","$61,236,534 ","4,386",27-Jul,18-Oct
452,364,"Monrovia, Indiana",Zipp.,"$40,860 ",14,"$5,172 ",1,26-Oct,
343,365,Monster Family,VPD,"$127,259 ",15,$576 ,10,9-Feb,
230,366,Monster Hunt 2,Lionsgate Films,"$706,153 ",69,"$341,834 ",69,16-Feb,8-Mar
251,367,Monsters and Men,Neon,"$500,101 ",153,"$118,697 ",18,28-Sep,28-Oct
181,368,Moses,Fathom,"$1,807,117 ",697,"$416,047 ",673,13-Sep,
274,369,Mountain,Greenwich,"$365,412 ",35,"$6,067 ",1,11-May,9-Aug
477,370,Moynihan,FRun,"$31,970 ",2,"$4,416 ",1,3-Oct,
527,371,Mrs. Hyde,Cartilage,"$18,627 ",2,"$5,943 ",1,27-Apr,5-Aug
399,372,Mukkabaaz,Eros,"$75,929 ",19,"$47,808 ",19,12-Jan,25-Jan
336,373,Museo,Vita.,"$148,505 ",12,"$16,554 ",1,14-Sep,
554,374,My Art,FM,"$12,554 ",2,"$5,538 ",1,12-Jan,8-Feb
132,375,My Hero Academia: Two Heroes,FUN,"$5,754,556 ",535,"$1,388,499 ",508,25-Sep,
363,376,Namaste England,Eros,"$104,079 ",71,"$67,612 ",71,19-Oct,
408,377,Namiya,CL,"$70,814 ",21,"$39,584 ",21,5-Jan,18-Jan
642,378,Nana,FunAcad,"$2,784 ",1,"$1,240 ",1,13-Apr,19-Apr
393,379,Nancy (2018),Gold.,"$80,115 ",11,"$15,056 ",3,8-Jun,15-Jul
574,380,Narcissister Organ Player,FM,"$10,193 ",3,"$1,983 ",1,7-Nov,
630,381,Nelly,CLS,"$3,751 ",2,"$1,304 ",1,7-Sep,20-Sep
422,382,Never Goin' Back,A24,"$61,271 ",27,"$10,322 ",2,3-Aug,27-Aug
405,383,"Nico, 1988",Magn.,"$73,304 ",12,"$12,309 ",2,1-Aug,7-Oct
263,384,"Night Is Short, Walk On Girl",GK,"$406,490 ",415,"$18,302 ",10,21-Aug,4-Oct
31,385,Night School (2018),Universal,"$76,735,280 ","3,019","$27,257,615 ","3,010",28-Sep,
474,386,"No Date, No Signature",Distrib.,"$33,877 ",3,"$4,993 ",3,1-Aug,
78,387,Nobody's Fool,Paramount,"$29,947,263 ","2,468","$13,743,111 ","2,468",2-Nov,
350,388,Nostalgia,BST,"$114,603 ",140,"$15,955 ",3,16-Feb,8-Mar
611,389,Notes on Appearance,Ghop,"$5,065 ",2,"$2,239 ",1,17-Aug,
207,390,Nothing to Lose (2018),Swen,"$1,016,188 ",69,"$679,531 ",69,11-May,14-Jun
525,391,November (2018),Osci.,"$19,084 ",8,"$3,354 ",1,23-Feb,5-Apr
18,392,Ocean's 8,Warner Brothers,"$139,377,762 ","4,145","$41,607,378 ","4,145",8-Jun,20-Sep
271,393,Oh Lucy!,FM,"$375,391 ",41,"$14,569 ",3,2-Mar,5-Jul
226,394,On Chesil Beach,BST,"$745,971 ",203,"$35,765 ",4,18-May,12-Jul
489,395,On Her Shoulders,Osci.,"$26,759 ",7,"$4,374 ",1,19-Oct,
521,396,"One Sings, the Other Doesn't",Jan.,"$19,919 ",2,"$6,700 ",1,1-Jun,21-Jun
460,397,Oolong Courtyard,CL,"$37,727 ",10,"$19,065 ",10,24-Aug,6-Sep
94,398,Operation Finale,MGM,"$17,612,099 ","1,818","$6,022,758 ","1,818",29-Aug,15-Nov
185,399,Operation Red Sea,WGUSA,"$1,543,547 ",55,"$436,059 ",45,23-Feb,19-Apr
549,400,Our Blood is Wine,MBox,"$13,210 ",5,"$1,540 ",2,9-Mar,17-May
412,401,Outside In,Orch.,"$68,492 ",16,"$14,136 ",9,30-Mar,27-May
641,402,Over the Limit,FM,"$2,862 ",2,"$1,402 ",1,12-Oct,
47,403,Overboard (2018),PNT,"$50,316,123 ","2,006","$14,711,101 ","1,623",4-May,5-Jul
91,404,Overlord,Paramount,"$19,505,026 ","2,859","$10,202,108 ","2,859",9-Nov,
39,405,Pacific Rim Uprising,Universal,"$59,587,110 ","3,708","$28,116,535 ","3,708",23-Mar,26-Jul
183,406,Pad Man,Sony,"$1,670,192 ",152,"$740,313 ",152,9-Feb,8-Mar
64,407,Paddington 2,Warner Brothers,"$40,442,052 ","3,702","$11,001,961 ","3,702",12-Jan,15-Mar
106,408,Padmaavat,VPD,"$11,846,060 ",354,"$4,493,384 ",326,25-Jan,25-Feb
596,409,Painless,Indic.,"$7,082 ",2,"$2,958 ",2,21-Sep,
161,410,Pandas,Warner Brothers,"$2,892,597 ",35,"$158,915 ",33,6-Apr,15-Jul
171,411,Papillon (2018),BST,"$2,335,896 ",544,"$1,090,073 ",544,24-Aug,13-Sep
410,412,Parchi,ADC,"$69,431 ",39,"$34,437 ",39,12-Jan,8-Feb
95,413,"Paul, Apostle of Christ",Affirm,"$17,560,475 ","1,473","$5,172,585 ","1,473",23-Mar,24-May
69,414,Peppermint,STX,"$35,418,723 ","2,980","$13,423,255 ","2,980",7-Sep,1-Nov
259,415,Perfect Blue (2018 re-release),GK,"$446,062 ",491,"$19,020 ",491,7-Sep,
22,416,Peter Rabbit,Sony,"$115,253,424 ","3,725","$25,010,928 ","3,725",9-Feb,14-Jun
470,417,PGS Intuition,Gathr,"$35,423 ",4,,,16-Jan,
246,418,Pick of the Litter,IFC,"$530,845 ",60,"$16,519 ",2,31-Aug,
576,419,Please Stand By,Magn.,"$9,868 ",7,"$4,090 ",5,26-Jan,22-Feb
479,420,Poor Boy,Indic.,"$31,031 ",5,"$10,920 ",4,13-Jul,18-Oct
176,421,Pope Francis - A Man of His Word,Focus,"$2,008,385 ",385,"$507,870 ",346,18-May,30-Sep
618,422,Postcards from London,Strand,"$4,679 ",1,"$2,686 ",1,9-Nov,
541,423,Prayer Before Dawn,A24,"$14,453 ",13,"$14,453 ",13,10-Aug,12-Aug
507,424,Primal Rage: The Bigfoot Reborn,Fathom,"$21,903 ",122,,,27-Feb,28-Feb
186,425,Princess Mononoke - Studio Ghibli (2018),Fathom,"$1,464,271 ",739,"$489,847 ",739,22-Jul,
87,426,Proud Mary,SGem,"$20,877,013 ","2,125","$9,959,053 ","2,125",12-Jan,8-Mar
174,427,Puzzle,SPC,"$2,032,018 ",265,"$61,214 ",5,27-Jul,
487,428,Quai des Orfevres (2018 Re-issue),Rialto,"$28,013 ",2,"$7,125 ",1,13-Apr,26-Jul
182,429,Race 3,Yash,"$1,690,861 ",314,"$1,690,861 ",314,15-Jun,
441,430,Racer & the Jailbird,Super,"$46,337 ",48,"$2,513 ",2,4-May,17-May
208,431,Raid (2018),Eros,"$1,010,385 ",79,"$423,817 ",79,16-Mar,1-Apr
46,432,Ralph Breaks the Internet,Buena Vista,"$50,535,000 ","4,017",,"4,017",21-Nov,
431,433,Ramen Heads,FB,"$57,345 ",6,"$7,085 ",2,16-Mar,26-Apr
26,434,Rampage (2018),New Line,"$99,345,950 ","4,115","$35,753,093 ","4,101",13-Apr,26-Jul
328,435,Rampant,WGUSA,"$167,937 ",29,"$18,326 ",2,26-Oct,
101,436,RBG,Magn.,"$14,017,361 ",432,"$578,470 ",34,4-May,11-Oct
19,437,Ready Player One,Warner Brothers,"$137,018,455 ","4,234","$41,764,050 ","4,234",29-Mar,5-Jul
668,438,Realms,TFA,$147 ,3,$108 ,3,7-Sep,13-Sep
52,439,Red Sparrow,Fox,"$46,874,505 ","3,064","$16,853,422 ","3,056",2-Mar,7-Jun
375,440,Reign of Judges: Title of Liberty - Concept Short,Darin Southa,"$93,224 ",14,,,15-Mar,28-Jun
565,441,Rendezvous in July (2018 re-release),Rialto,"$11,321 ",2,"$6,080 ",1,1-Aug,
486,442,Restoring Tomorrow (Event),Fathom,"$28,556 ",394,,,13-Nov,
591,443,Return of the Hero,Distrib.,"$7,792 ",2,$761 ,1,30-Aug,
367,444,Revenge (2018),Neon,"$102,091 ",37,"$45,924 ",37,11-May,31-May
494,445,Ridge Runners,Indic.,"$26,019 ",7,"$8,015 ",7,19-Jan,1-Mar
115,446,Robin Hood (2018),Lionsgate Summit,"$8,555,000 ","2,827",,"2,827",21-Nov,
444,447,Rodin,Cohen,"$44,261 ",8,,,1-Jun,8-Jul
347,448,Ryuichi Sakamoto: Coda,MUBI,"$117,460 ",9,"$12,827 ",1,6-Jul,4-Oct
140,449,Samson,PFR,"$4,719,928 ","1,249","$1,942,569 ","1,249",16-Feb,12-Apr
118,450,Sanju,FIP,"$7,909,317 ",359,"$2,723,349 ",356,29-Jun,16-Aug
604,451,School of Life,Distrib.,"$6,300 ",2,,,7-Sep,
288,452,Science Fair,NGE,"$264,890 ",36,"$11,231 ",1,14-Sep,
256,453,Scotty and the Secret History of Hollywood,Greenwich,"$461,689 ",34,"$28,144 ",1,27-Jul,20-Sep
82,454,Searching,SGem,"$26,020,957 ","2,009","$388,769 ",9,24-Aug,15-Nov
490,455,Searching for Ingmar Bergman,Osci.,"$26,703 ",6,"$5,996 ",1,2-Nov,
515,456,Senso (2018 re-release),Rialto,"$20,308 ",2,"$3,984 ",1,26-Oct,
498,457,Seven Years of Night,CJ,"$24,281 ",4,"$13,669 ",4,6-Apr,19-Apr
148,458,Sgt. Stubby: An American Hero,FunAcad,"$3,782,328 ","1,633","$1,164,403 ","1,633",13-Apr,12-Aug
548,459,Shed Skin Papa,CL,"$13,331 ",8,"$7,950 ",8,23-Mar,1-Apr
60,460,Sherlock Gnomes,Paramount,"$43,242,871 ","3,662","$10,604,774 ","3,662",23-Mar,14-Jun
276,461,Shine (2018),GVN,"$333,388 ",609,"$205,842 ",609,5-Oct,
628,462,Shoah: Four Sisters,Cohen,"$3,829 ",1,"$2,840 ",1,14-Nov,
397,463,Shock & Awe,VE,"$77,980 ",100,"$45,856 ",100,13-Jul,23-Jul
92,464,Show Dogs,Global Road,"$17,857,020 ","3,212","$6,023,972 ","3,212",18-May,11-Oct
48,465,Sicario: Day of the Soldado,Sony,"$50,072,235 ","3,055","$19,007,566 ","3,055",29-Jun,20-Sep
298,466,Skate Kitchen,Magn.,"$236,799 ",34,"$18,065 ",1,10-Aug,4-Oct
36,467,Skyscraper,Universal,"$67,796,355 ","3,822","$24,905,015 ","3,782",13-Jul,27-Sep
77,468,Slender Man,SGem,"$30,569,484 ","2,358","$11,371,866 ","2,358",10-Aug,
464,469,Small Group,Gathr,"$37,058 ",10,"$26,579 ",10,18-Oct,
624,470,Small Group (Theatrical on Demand(r)),Gathr,"$4,299 ",3,"$4,299 ",3,18-Oct,
30,471,Smallfoot,Warner Brothers,"$81,537,916 ","4,131","$23,045,635 ","4,131",28-Sep,
613,472,Social Animals,VE,"$5,007 ",75,"$2,505 ",75,1-Jun,7-Jun
475,473,Sollers Point,Osci.,"$32,608 ",4,"$10,618 ",1,11-May,21-Jun
8,474,Solo: A Star Wars Story,Buena Vista,"$213,767,512 ","4,381","$84,420,489 ","4,381",25-May,20-Sep
268,475,Soorma,Sony,"$390,077 ",50,"$168,354 ",50,13-Jul,2-Aug
96,476,Sorry to Bother You,Annapurna,"$17,493,096 ","1,050","$727,266 ",16,6-Jul,1-Nov
564,477,Souvenir,Strand,"$11,411 ",3,"$2,267 ",1,2-Mar,
590,478,Spiral,Cohen,"$8,190 ",2,"$3,258 ",2,22-Jun,8-Jul
616,479,Status Update,VE,"$4,764 ",75,"$2,205 ",75,30-Mar,
544,480,Stavisky (2018 re-release),Rialto,"$13,793 ",1,"$4,734 ",1,3-Oct,18-Oct
625,481,Stella's Last Weekend,Pala.,"$4,215 ",4,"$2,375 ",2,12-Oct,
643,482,Straight into a Storm,Abr.,"$2,684 ",1,"$1,964 ",1,15-Jun,21-Jun
580,483,Strangers on the Earth,FRun,"$9,518 ",2,"$3,768 ",1,4-May,3-Jun
84,484,Strangers: Prey at Night,Aviron,"$24,586,708 ","2,464","$10,402,271 ","2,464",9-Mar,31-May
324,485,Studio 54,Zeit.,"$175,465 ",14,"$14,909 ",1,5-Oct,
454,486,Submission,Great Point,"$39,985 ",39,,,2-Mar,22-Mar
221,487,Sui Dhaaga - Made in India,Yash,"$790,628 ",193,"$581,950 ",193,28-Sep,4-Oct
280,488,Suicide: The Ripple Effect,Gathr,"$322,588 ",21,"$2,600 ",1,23-Feb,
316,489,Summer 1993,Osci.,"$185,903 ",19,"$21,307 ",4,25-May,27-Sep
442,490,Summer in the Forest,Abr.,"$45,542 ",6,"$8,366 ",1,23-Mar,17-May
585,491,Summer of '67,MS,"$8,941 ",1,"$5,400 ",1,29-Jun,
76,492,Super Troopers 2,Fox,"$30,617,396 ","2,125","$15,181,624 ","2,038",20-Apr,12-Jul
90,493,Superfly,Sony,"$20,545,116 ","2,220","$6,870,740 ","2,220",13-Jun,9-Aug
341,494,Support the Girls,Magn.,"$129,124 ",35,"$51,167 ",33,24-Aug,18-Oct
584,495,Survivors Guide to Prison,Grav.,"$8,982 ",4,"$8,982 ",4,23-Feb,25-Feb
172,496,Suspiria,Amazon,"$2,292,120 ",311,"$184,037 ",2,26-Oct,
362,497,Sweet Country (2018),Gold.,"$104,297 ",24,"$8,895 ",2,6-Apr,24-Jun
42,498,Tag,New Line,"$54,547,470 ","3,382","$14,947,396 ","3,382",15-Jun,13-Sep
595,499,Tall: The American Skyscraper and Louis Sullivan,CGld,"$7,216 ",1,"$7,216 ",1,19-Jan,21-Jan
249,500,TCM: Die Hard 30th Anniversary Event,Fathom,"$510,241 ",687,"$321,704 ",687,11-Nov,
262,501,TCM: West Side Story,Fathom,"$408,136 ",616,"$214,212 ",616,24-Jun,
219,502,Tea with the Dames,IFC,"$816,312 ",71,"$14,777 ",1,21-Sep,
79,503,Teen Titans Go! To The Movies,Warner Brothers,"$29,562,341 ","3,188","$10,411,189 ","3,188",27-Jul,11-Oct
402,504,Tehran Taboo,KL,"$74,758 ",9,"$4,962 ",1,14-Feb,17-May
581,505,That Summer,IFC,"$9,501 ",5,"$5,977 ",1,18-May,
66,506,The 15:17 to Paris,Warner Brothers,"$36,250,957 ","3,042","$12,554,286 ","3,042",9-Feb,12-Apr
320,507,The Accidental Detective 2: In Action,CJ,"$179,045 ",11,"$47,367 ",11,22-Jun,29-Jul
573,508,The Advocates,CLS,"$10,402 ",4,"$4,355 ",1,19-Oct,
488,509,The Apparition (2018),MBox,"$26,985 ",7,"$9,830 ",7,7-Sep,
568,510,The Assassin's Code,Grav.,"$11,218 ",12,"$11,218 ",12,11-May,
502,511,The Atomic Cafe (2018 re-release),KL,"$22,293 ",5,"$4,098 ",1,1-Aug,25-Oct
468,512,The Big Bad Fox and Other Tales,GK,"$35,787 ",12,"$2,402 ",4,8-Mar,
184,513,The Bookshop,Greenwich,"$1,588,150 ",136,"$75,736 ",4,24-Aug,11-Oct
545,514,The Boy Downstairs,FR,"$13,638 ",1,"$5,995 ",1,16-Feb,1-Mar
664,515,The Breadwinner (Gathr Release),Gathr,$834 ,1,$834 ,1,13-Apr,
214,516,The Cakemaker,Strand,"$875,751 ",34,"$33,384 ",4,29-Jun,
359,517,The Captain,MBox,"$108,708 ",10,"$7,568 ",1,27-Jul,
228,518,The Catcher Was a Spy,IFC,"$712,438 ",52,"$114,771 ",46,22-Jun,23-Aug
243,519,The Children Act,A24,"$547,750 ",73,"$76,108 ",23,14-Sep,
439,520,The China Hustle,Magn.,"$48,650 ",20,"$25,791 ",20,30-Mar,19-Apr
633,521,The Citizen (2018),Artma,"$3,495 ",1,,,6-Jul,
65,522,The Commuter,Lionsgate Films,"$36,343,858 ","2,892","$13,701,452 ","2,892",12-Jan,15-Mar
516,523,The Cured,IFC,"$20,261 ",29,"$4,875 ",3,23-Feb,15-Mar
222,524,The Dark Crystal (special re-release),Fathom,"$780,491 ",618,"$561,977 ",618,25-Feb,1-Mar
103,525,The Darkest Minds,Fox,"$12,695,691 ","3,127","$5,842,609 ","3,127",3-Aug,18-Oct
416,526,The Dawn Wall,Orch.,"$66,991 ",4,"$21,615 ",2,14-Sep,4-Oct
212,527,The Dawn Wall (Fathom),Fathom,"$970,032 ",593,,,19-Sep,
497,528,The Day After,CGld,"$24,746 ",6,"$3,727 ",1,11-May,19-Aug
117,529,The Death of Stalin,IFC,"$8,041,828 ",548,"$184,805 ",4,9-Mar,26-Jul
483,530,The Desert Bride,Strand,"$30,110 ",4,"$2,127 ",2,4-May,23-Aug
514,531,The Devil and Father Amorth,Orch.,"$20,449 ",8,"$7,814 ",8,20-Apr,24-May
415,532,The Doctor from India,Zeit.,"$67,136 ",5,"$2,442 ",1,20-Apr,27-Sep
287,533,The Endless,WGUSA,"$272,020 ",20,"$9,083 ",1,6-Apr,28-Jun
23,534,The Equalizer 2,Sony,"$102,084,362 ","3,388","$36,011,640 ","3,388",20-Jul,20-Sep
558,535,The Escape,IFC,"$12,074 ",29,,2,11-May,24-May
173,536,The Fall of the American Empire,EOne,"$2,059,945 ",73,"$338,216 ",72,29-Jun,4-Oct
313,537,The Favourite,FoxS,"$190,572 ",4,,4,23-Nov,
523,538,The Female Brain,IFC,"$19,225 ",26,"$6,886 ",2,9-Feb,22-Feb
311,539,The Final Year,Magn.,"$191,900 ",39,"$67,971 ",35,19-Jan,1-Mar
296,540,The Fireflies are Gone,EOne,"$245,006 ",25,"$51,119 ",25,21-Sep,
32,541,The First Purge,Universal,"$69,086,325 ","3,038","$17,374,280 ","3,031",4-Jul,6-Sep
411,542,The Fog (2018 re-release),Rialto,"$69,029 ",43,"$39,565 ",43,26-Oct,
233,543,The Front Runner,Sony,"$674,563 ",807,"$51,543 ",4,6-Nov,
421,544,The Gardener,Grav.,"$62,734 ",2,"$6,298 ",1,30-Mar,
100,545,The Girl in the Spider's Web: A New Dragon Tattoo Story,Sony,"$14,166,400 ","2,929","$7,810,112 ","2,929",9-Nov,
266,546,The Gospel According to André,Magn.,"$400,713 ",36,"$47,802 ",4,25-May,16-Aug
254,547,The Great Battle,WGUSA,"$472,166 ",30,"$123,983 ",30,21-Sep,
391,548,The Great Buster: A Celebration,Cohen,"$81,679 ",14,"$7,107 ",2,5-Oct,
433,549,The Great Silence (2018 re-release),FM,"$53,074 ",6,"$8,755 ",1,30-Mar,30-Aug
323,550,The Guardians,MBox,"$177,331 ",10,"$7,479 ",1,4-May,13-Sep
312,551,The Guilty,Magn.,"$190,602 ",31,"$60,050 ",29,19-Oct,
257,552,The Happy Prince,SPC,"$448,246 ",277,"$38,886 ",8,10-Oct,
511,553,The Happys,Indic.,"$21,108 ",2,"$7,707 ",2,16-Mar,26-Jul
88,554,The Happytime Murders,STX,"$20,706,452 ","3,256","$9,532,425 ","3,256",24-Aug,27-Sep
80,555,The Hate U Give,Fox,"$28,717,674 ","2,375","$512,035 ",36,5-Oct,
459,556,The Heart of Nuba,Abr.,"$37,788 ",4,"$4,016 ",1,6-Apr,12-Jul
467,557,The House of Tomorrow,Shout!,"$35,821 ",8,"$6,652 ",8,27-Apr,31-May
35,558,The House With A Clock In Its Walls,Universal,"$68,163,580 ","3,592","$26,608,020 ","3,592",21-Sep,
128,559,The Hurricane Heist,ENTMP,"$6,115,825 ","2,402","$3,024,399 ","2,402",9-Mar,10-May
209,560,The Insult,Cohen,"$1,001,305 ",54,"$24,600 ",3,12-Jan,19-Apr
235,561,The Island (2018),WGUSA,"$670,883 ",40,"$263,412 ",40,10-Aug,16-Sep
503,562,The Judge (2018),IWF,"$22,257 ",3,,,13-Apr,31-May
292,563,The King (2018),Osci.,"$259,291 ",45,"$29,050 ",2,22-Jun,27-Sep
542,564,The Last Movie Star,A24,"$14,410 ",5,"$3,780 ",2,30-Mar,19-Apr
646,565,The Last Race,Magn.,"$2,437 ",3,"$2,437 ",3,16-Nov,
404,566,The Last Suit,OutF,"$73,548 ",6,"$27,549 ",6,23-Mar,8-Apr
667,567,The Legend of Hallowaiian,VPD,$451 ,20,,,19-Oct,
337,568,The Little Mermaid (2018),Conglomerate,"$147,175 ",82,"$85,505 ",82,17-Aug,25-Aug
227,569,The Little Stranger,Focus,"$713,143 ",477,"$401,563 ",474,31-Aug,13-Sep
594,570,The Lodgers,EpicPics,"$7,362 ",17,"$5,053 ",17,23-Feb,
619,571,The Long Dumb Road,TFA,"$4,667 ",1,"$4,667 ",1,9-Nov,
653,572,The Lost Village,FRun,"$1,780 ",1,$840 ,1,19-Oct,
17,573,The Meg,Warner Brothers,"$143,005,856 ","4,118","$45,402,195 ","4,118",10-Aug,1-Nov
109,574,The Miracle Season,Mirr/LD,"$10,230,620 ","1,707","$3,950,652 ","1,707",6-Apr,5-Jul
493,575,The Misandrists,Cartilage,"$26,123 ",5,"$3,278 ",1,25-May,2-Aug
213,576,The Miseducation of Cameron Post,FR,"$904,703 ",85,"$48,638 ",2,3-Aug,30-Sep
314,577,The Monkey King 3,WGUSA,"$187,074 ",34,"$95,577 ",34,16-Feb,8-Mar
557,578,The Most Unknown,Abr.,"$12,119 ",2,"$2,905 ",1,18-May,14-Jun
356,579,The Negotiation,CJ,"$110,986 ",13,"$14,273 ",2,21-Sep,18-Oct
21,580,The Nun,New Line,"$117,443,149 ","3,876","$53,807,379 ","3,876",7-Sep,
51,581,The Nutcracker and the Four Realms,Buena Vista,"$47,494,698 ","3,766","$20,352,491 ","3,766",2-Nov,
264,582,The Oath (2018),RAtt.,"$401,463 ",300,"$29,077 ",10,12-Oct,1-Nov
108,583,The Old Man & the Gun,FoxS,"$10,724,328 ","1,042","$142,131 ",5,28-Sep,
151,584,The Oscar Nominated Short Films 2018,Shrts.,"$3,508,777 ",272,"$695,044 ",198,9-Feb,22-Mar
617,585,The Other Side of Everything,Icar.,"$4,685 ",2,$315 ,1,13-Jul,
224,586,The Party (2017),RAtt.,"$749,827 ",92,"$37,396 ",3,16-Feb,10-May
623,587,The Peacemaker (2018),Central Squa,"$4,400 ",1,"$4,400 ",1,9-Feb,11-Feb
45,588,The Predator (2018),Fox,"$51,014,175 ","4,070","$24,632,284 ","4,037",14-Sep,
382,589,The Price of Everything,HBO,"$87,400 ",8,"$16,817 ",1,19-Oct,
396,590,The Princess and the Matchmaker,CJ,"$78,900 ",6,"$20,142 ",3,9-Mar,29-Mar
566,591,The Public Image is Rotten,Abr.,"$11,293 ",1,"$8,052 ",1,14-Sep,
578,592,The Quest of Alain Ducasse,Magn.,"$9,627 ",5,"$2,711 ",1,8-Jun,28-Jun
168,593,The Rider,SPC,"$2,407,042 ",224,"$42,244 ",3,13-Apr,
400,594,The Riot Act,Hann.,"$75,506 ",10,"$28,840 ",9,14-Sep,21-Oct
469,595,The Road Movie,Osci.,"$35,757 ",19,"$17,175 ",19,19-Jan,15-Feb
570,596,The Samuel Project,in8,"$11,087 ",2,"$11,087 ",2,28-Sep,
245,597,The Sandlot (25th Anniversary),Fathom,"$534,356 ",438,"$273,333 ",438,22-Jul,
197,598,The Seagull,SPC,"$1,252,960 ",211,"$79,016 ",6,11-May,16-Aug
158,599,The Sisters Brothers,Annapurna,"$3,104,223 ","1,141","$115,575 ",4,21-Sep,
283,600,The Son of Bigfoot,VPD,"$289,308 ",30,,,30-Mar,26-Jul
250,601,The Spy Gone North,CJ,"$500,803 ",31,"$43,348 ",2,10-Aug,20-Sep
72,602,The Spy Who Dumped Me,Lionsgate Films,"$33,562,069 ","3,111","$12,103,043 ","3,111",3-Aug,27-Sep
647,603,The Swan,Synergetic,"$2,367 ",2,$898 ,1,10-Aug,
612,604,The Texture of Falling,BloodSweatHo,"$5,010 ",1,,,1-Jun,22-Jun
383,605,The Third Murder,FM,"$87,389 ",10,"$10,670 ",2,20-Jul,
234,606,The Trump Prophecy,Fathom,"$671,198 ",608,,,2-Oct,
569,607,The Wedding Party 2: Destination Dubai,IronFlix,"$11,140 ",2,"$4,905 ",2,14-Feb,25-Feb
119,608,The Wife,SPC,"$7,775,206 ",541,"$108,284 ",4,17-Aug,
505,609,The Workshop,Strand,"$22,061 ",8,"$2,860 ",1,23-Mar,31-May
344,610,The Young Karl Marx,Orch.,"$125,659 ",15,"$26,097 ",3,23-Feb,17-May
598,611,This is Congo,Abr.,"$7,051 ",2,"$3,690 ",1,29-Jun,5-Jul
563,612,This is Our Land,Distrib.,"$11,567 ",2,"$2,442 ",1,18-Apr,3-May
160,613,Thoroughbreds,Focus,"$2,976,330 ",564,"$1,224,430 ",549,9-Mar,26-Apr
104,614,Three Identical Strangers,Neon,"$12,320,845 ",433,"$171,503 ",5,29-Jun,18-Oct
187,615,Thugs of Hindostan,Yash,"$1,449,848 ",377,"$1,185,386 ",377,8-Nov,
346,616,Till the End of the World,CL,"$118,660 ",27,"$57,713 ",27,2-Feb,22-Feb
637,617,Tom of Finland (Gathr Release),Gathr,"$3,314 ",1,,1,23-Feb,
41,618,Tomb Raider,Warner Brothers,"$57,421,715 ","3,854","$23,633,317 ","3,854",16-Mar,31-May
112,619,Traffik,Lionsgate Films,"$9,186,156 ","1,046","$3,941,338 ","1,046",20-Apr,31-May
589,620,Trust Machine: The Story of Blockchain,SingularDTV,"$8,248 ",1,"$7,424 ",1,26-Oct,
62,621,Truth or Dare,Universal,"$41,254,705 ","3,068","$18,667,855 ","3,029",13-Apr,26-Jul
111,622,Tully (2018),Focus,"$9,334,930 ","1,356","$3,282,610 ","1,353",4-May,5-Jul
665,623,TVTV: Video Revolutionaries ,FRun,$812 ,1,$556 ,1,19-Oct,
660,624,Two Men Went to War (2018 re-release),Indic.,"$1,227 ",1,$185 ,1,25-May,
59,625,Tyler Perry's Acrimony,Lionsgate Films,"$43,549,096 ","2,006","$17,170,707 ","2,006",30-Mar,7-Jun
588,626,Un Traductor,FM,"$8,630 ",2,"$4,412 ",1,19-Oct,
127,627,Unbroken: Path to Redemption,PFR,"$6,210,342 ","1,620","$2,238,723 ","1,620",14-Sep,
61,628,Uncle Drew,Lionsgate Summit,"$42,469,946 ","2,742","$15,242,781 ","2,742",29-Jun,13-Sep
414,629,Under the Tree,Magn.,"$67,596 ",9,"$13,617 ",3,6-Jul,6-Sep
661,630,Under the Turban,Gathr,"$1,190 ",1,,,25-Apr,
634,631,Under the Wire,Abr.,"$3,429 ",2,"$2,271 ",2,16-Nov,
114,632,Unfriended: Dark Web,BH Tilt,"$8,783,985 ","1,547","$3,653,035 ","1,546",20-Jul,16-Aug
120,633,Unsane,BST,"$7,732,899 ","2,023","$3,762,145 ","2,023",23-Mar,12-Apr
105,634,Upgrade,BH Tilt,"$11,916,615 ","1,458","$4,670,905 ","1,457",1-Jun,2-Aug
499,635,Vazante,MBox,"$23,884 ",6,"$3,489 ",1,12-Jan,19-Apr
9,636,Venom (2018),Sony,"$211,219,620 ","4,250","$80,255,756 ","4,250",5-Oct,
423,637,Viper Club,RAtt.,"$60,607 ",70,"$14,180 ",3,26-Oct,15-Nov
435,638,Wanda (2018 re-release),Jan.,"$51,713 ",3,"$10,679 ",1,20-Jul,20-Sep
409,639,Wastelander,Indic.,"$70,045 ",22,"$20,768 ",22,12-Jan,26-Jul
265,640,We the Animals,Orch.,"$400,961 ",48,"$63,357 ",3,17-Aug,18-Oct
579,641,Weed the People,Abr.,"$9,536 ",2,"$4,279 ",1,26-Oct,
635,642,Weightless,Great Point,"$3,357 ",2,"$2,515 ",2,9-Nov,
651,643,West of the Jordan River,KL,"$1,926 ",1,"$1,047 ",1,26-Jan,1-Feb
451,644,Western,CGld,"$41,072 ",7,"$6,688 ",1,16-Feb,28-Jun
426,645,"Westwood: Punk, Icon, Activist",Greenwich,"$58,979 ",8,"$4,450 ",1,8-Jun,29-Jul
291,646,What They Had,BST,"$260,136 ",53,"$17,683 ",4,19-Oct,22-Nov
445,647,What Will People Say,KL,"$44,156 ",4,"$4,024 ",1,13-Jul,1-Nov
538,648,When You Read this Letter (2018 re-release),Rialto,"$15,552 ",2,"$5,166 ",1,12-Sep,
413,649,Where Hands Touch,VE,"$67,743 ",103,"$67,743 ",103,14-Sep,
424,650,Where is Kyra?,Great Point,"$59,717 ",33,"$7,000 ",1,6-Apr,3-May
85,651,White Boy Rick,Studio 8,"$24,011,188 ","2,504","$8,860,431 ","2,504",14-Sep,
159,652,Whitney,RAtt.,"$3,026,351 ",451,"$1,265,572 ",451,6-Jul,20-Sep
524,653,Who We are Now,FR,"$19,128 ",3,"$5,188 ",1,25-May,21-Jun
89,654,Widows,Fox,"$20,690,819 ","2,803","$12,361,307 ","2,803",16-Nov,
223,655,Wildlife,IFC,"$770,741 ",105,"$104,589 ",4,19-Oct,
83,656,Winchester,Lionsgate Films,"$25,091,816 ","2,480","$9,307,626 ","2,480",2-Feb,29-Mar
388,657,Wings of Desire (2018 re-release),Jan.,"$83,831 ",4,"$12,885 ",1,19-Oct,
504,658,Winning Formula,Indic.,"$22,189 ",5,"$4,505 ",5,27-Jul,6-Sep
429,659,Woman Walks Ahead,A24,"$57,528 ",6,"$6,863 ",2,29-Jun,9-Aug
86,660,Won't You Be My Neighbor?,Focus,"$22,609,437 ",893,"$475,419 ",29,8-Jun,13-Sep
145,661,Ya Veremos,PNT,"$4,165,949 ",369,"$1,803,848 ",369,31-Aug,11-Oct
210,662,Yellow Submarine (2018 re-release),Abr.,"$992,305 ",188,"$107,105 ",73,8-Jul,30-Sep
166,663,You Were Never Really Here,Amazon,"$2,528,078 ",233,"$132,829 ",3,6-Apr,14-Jun
308,664,Zama,Strand,"$200,600 ",19,"$26,123 ",3,13-Apr,19-Jul
583,665,Zoo Wars,PDF,"$8,998 ",12,"$8,998 ",12,27-Apr,